<?xml version="1.0" ?>
<!--
    Configuration file for 
    Robot Hardware Daemon

    This configuration is for the
		iRobot ATRV-Jr research robot

    $Id: rhdconfig.atrvjr.xml 160 2008-10-20 14:01:21Z s021786 $
-->
<!-- Starting RHD Configuration -->
<rhd>
	<!-- *** Core Components Configuration *** -->
	<!-- Sheduler configuration -->
	<sheduler>
		<period value="100000"/><!--in usec-->
		<type value="itimer"/><!--"usleep","itimer","LXRT" -->
	</sheduler>
	<!-- Server configuration -->
	<server>
		<port value="24902"/>
		<clients number="10"/>
	</server>
	
  <!-- *** Plugins Configuration *** -->
	<plugins basepath="../lib/rhdplugin/">

	<!-- Gyroscope-->
	<kvhgyro enable="true" 
		lib="kvhgyro.so.1" 
		critical="true">
		<serial port="/dev/ttyUSB0" 
		        baudrate="921600"/>
		<sampletime value="100"/><!-- time pr sample in ms -->
	</kvhgyro>
	
	<!-- Serial GPS module -->
	<gps  enable="true" lib="libgpsNew.so.1" critical="false">
		<serial port="/dev/ttyUSB2" baudrate="38400"/>
		<utmzone value="33"/><!-- Default UTM Zone -->
		<connection con="serial"/>
	</gps>
	
	<!-- Joystick Control -->
	<joycontrol enable="false" lib="libjoycontrol.so.1" critical="true" safety="1">
		<joystick port="/dev/input/js0"/>
                <!-- speed:
                     maxfwd,maxturn is max value send to device
                     fastBut is button number on joypad (0..10)
                     slowFactor used when fastBut is not pressed (0.1 .. 1.0) 1.0 is default -->
		<speed maxfwd="150000" 
                       maxturn="50000"
                       fastBut="5"
                       slowFactor="0.3"/>
		<deadband max="767" min="-767"/>
		<control enable="true"/>
	</joycontrol>
	</plugins>
</rhd>
