<?xml version="1.0" ?>
<!--
    Configuration file for 
    Robot Hardware Daemon

    See something else for configuration description

    $Id: rhdconfig.hako.xml 642 2009-07-21 21:02:55Z s021786 $
-->
<!-- Starting RHD Configuration -->
<rhd>
  <!-- *** Core Components Configuration *** -->
  <!-- Sheduler configuration -->
  <sheduler>
    <period value="10000"/><!--in usec-->
    <type value="itimer"/><!--"usleep","itimer","LXRT" -->
  </sheduler>
  <!-- Server configuration -->
  <server>
    <port value="24902"/>
    <clients number="10"/>
  </server>

  <!-- *** Plugins Configuration *** -->
	<plugins basepath="../lib/rhdplugin/">
		<!-- HAKO Tractor CAN-Bus module -->
		<hakocan enable="true" lib="libhakocan.so.1" critical="false">
			<controlcan port="/dev/can1" port1="/dev/can0" />
		</hakocan>
		<!-- Crossbow IMU Configuration -->
		<crossbow  enable="true" lib="libcrossbow.so.1" critical="false">
			<serial port="/dev/ttyS2" baudrate="38400" />
		</crossbow>
		<!-- Fibre Optic Gyro module -->
		<fogyro  enable="true" lib="libfogyro.so.1" critical="false">
			<dataserial port="/dev/ttyUSB0" baudrate="57600"/>
			<configserial port="/dev/ttyUSB0" baudrate="9600"/>
			<sampletime value="100"/><!-- time pr sample in ms -->
		</fogyro>
		<!-- Serial GPS module -->
		<gps  enable="true" lib="libgps.so.1" critical="false">
			<serial port="/dev/ttyS1" baudrate="115200"/>
			<utmzone value="32"/><!-- Default UTM Zone -->
		</gps>
	</plugins>
</rhd>