<?xml version="1.0" ?>
<!--
    Configuration file for 
    Robot Hardware Daemon

    See something else for configuration description

    $Id: rhdconfig.baumer.xml 841 2016-07-19 13:07:27Z jehchr $
-->
<!-- Starting RHD Configuration -->
<rhd>
  <!-- *** Core Components Configuration *** -->
  <!-- Sheduler configuration -->
  <sheduler>
    <period value="10000"/><!--in usec-->
    <type value="itimer"/><!--"usleep","itimer","LXRT" -->
  </sheduler>
  <!-- Server configuration -->
  <server>
    <port value="24902"/>
    <clients number="10"/>
  </server>

  <!-- *** Plugins Configuration *** -->
	<plugins basepath="../lib/rhdplugin/">
		<!-- Baumer module -->
		<baumer enable="true" lib="libbaumer.so.1" critical="false">
			<serial port="/dev/USB3" baudrate="100000" />
		</baumer>
	</plugins>
</rhd>