<?xml version="1.0" ?>
<!--
    Configuration file for 
    Robot Hardware Daemon

    This configuration is for the
		iRobot ATRV-Jr research robot

    $Id: rhdconfig.atrvjr.xml 160 2008-10-20 14:01:21Z s021786 $
-->
<!-- Starting RHD Configuration -->
<rhd>
	<!-- *** Core Components Configuration *** -->
	<!-- Sheduler configuration -->
	<sheduler>
		<period value="25000"/><!--in usec-->
		<type value="LXRT"/><!--"usleep","itimer","LXRT" -->
	</sheduler>
	<!-- Server configuration -->
	<server>
		<port value="24902"/>
		<clients number="10"/>
	</server>
	
  <!-- *** Plugins Configuration *** -->
	<plugins basepath="../lib/rhdplugin/">
	
        <!-- Serial GPS module -->
    <mpu6050 enable="true" lib="libmpu6050.so.1" critical="false">
            <!--<connection con="serial"/>-->
    </mpu6050>

	</plugins>
</rhd>
